configuration,width,height,depth,compact_paths,sort_materials,median_ms,min_ms,max_ms,repetitions
metal_reference,640,192,8,True,True,7.19505,7.0878,7.268800000000001,3
metal_row,640,192,8,True,True,7.1987,7.14905,7.2252,3
room_closed_c0_s0,512,512,8,False,False,6.4068000000000005,6.39565,6.41565,3
room_closed_c0_s1,512,512,8,False,True,18.7484,18.70225,18.860349999999997,3
room_closed_c1_s0,512,512,8,True,False,12.229099999999999,12.21335,12.3566,3
room_closed_c1_s1,512,512,8,True,True,24.52425,24.36305,24.59805,3
room_no_gloss,512,512,8,True,True,21.5592,21.40265,21.59925,3
room_no_oren,512,512,8,True,True,21.50345,21.346600000000002,21.54385,3
room_opaque_glass,512,512,8,True,True,21.21765,21.20015,21.27015,3
room_open_c0_s0,512,512,8,False,False,6.343999999999999,6.336600000000001,6.37895,3
room_open_c0_s1,512,512,8,False,True,18.478749999999998,17.86135,18.49885,3
room_open_c1_s0,512,512,8,True,False,10.69065,10.686350000000001,10.91435,3
room_open_c1_s1,512,512,8,True,True,21.42125,21.40645,21.493650000000002,3
